model,repeat_index,fold_index,seed,train_frame_count,test_frame_count,successful_test_frames,failed_test_frames,fold_status,test_rms,test_p95,test_edge_rms,test_straightness,straightness_source
brown_conrady,0,0,42,44,11,11,0,fully_successful,3.2349873427781133,6.249582719802856,3.6226472449169593,0.9481067037028275,test
brown_conrady,0,1,42,44,11,11,0,fully_successful,5.810733927770871,9.118543624877928,4.921808560291276,0.911148748016626,test
brown_conrady,0,2,42,44,11,11,0,fully_successful,9.048167336182239,19.30582981109619,9.9029257627329,1.6711430012563844,test
brown_conrady,0,3,42,44,11,11,0,fully_successful,9.247520462867485,15.147286891937247,10.946777622702202,1.294140563393049,test
brown_conrady,0,4,42,44,11,11,0,fully_successful,3.167341125400866,5.700523471832274,3.1898861438048325,1.1374774509054724,test
brown_conrady,1,0,43,44,11,11,0,fully_successful,4.41146627275172,6.910638809204102,3.9597992981903283,1.0617242798974205,test
brown_conrady,1,1,43,44,11,11,0,fully_successful,9.400373699523113,20.648400783538815,8.618902019037654,1.1606289766263291,test
brown_conrady,1,2,43,44,11,11,0,fully_successful,11.05187774695817,22.985164642333984,12.33626536679031,2.179859864618577,test
brown_conrady,1,3,43,44,11,11,0,fully_successful,4.994550003355439,9.85514941215513,5.378829578678064,1.1278113038652102,test
brown_conrady,1,4,43,44,11,11,0,fully_successful,6.234952225515929,14.110708045959466,6.385574957259978,1.5352824293824412,test
brown_conrady,2,0,44,44,11,11,0,fully_successful,9.51958381296456,19.73412647247313,10.272944164025867,1.5289927829903234,test
brown_conrady,2,1,44,44,11,11,0,fully_successful,6.345041506396706,12.986405563354488,7.0292527030195355,1.6403546757674037,test
brown_conrady,2,2,44,44,11,11,0,fully_successful,8.137549262707894,19.274720001220693,8.968252052394533,1.6179272297768315,test
brown_conrady,2,3,44,44,11,11,0,fully_successful,4.545293219809606,6.995826721191413,4.207256840065973,0.865686619202322,test
brown_conrady,2,4,44,44,11,11,0,fully_successful,2.9251320135103347,5.123728084564206,2.990309307074053,0.8952809998303459,test
brown_conrady,3,0,45,44,11,11,0,fully_successful,5.589001427093866,10.637531328201293,5.9728784121519265,1.6177527351898726,test
brown_conrady,3,1,45,44,11,11,0,fully_successful,3.120344196985255,6.37862102985382,3.2789768085451017,0.7835776522806286,test
brown_conrady,3,2,45,44,11,11,0,fully_successful,8.151378247162812,18.04958724975586,7.729512321858117,1.2905530214343015,test
brown_conrady,3,3,45,44,11,11,0,fully_successful,7.6478970534891,15.979930686950683,8.039570239348272,1.5031491803922805,test
brown_conrady,3,4,45,44,11,11,0,fully_successful,6.86495759471515,6.788285541534418,7.456325357361864,1.0630188333215316,test
brown_conrady,4,0,46,44,11,11,0,fully_successful,7.041999024838983,16.307515144348145,7.122497171114899,1.2664668914968296,test
brown_conrady,4,1,46,44,11,11,0,fully_successful,5.37374900662003,10.094726371765136,5.922946583128466,1.2989125914171669,test
brown_conrady,4,2,46,44,11,11,0,fully_successful,7.50265495222695,13.8426362991333,7.232339833835548,1.9134971432217769,test
brown_conrady,4,3,46,44,11,11,0,fully_successful,3.276903415787395,6.371042823791502,3.430953989761632,0.9647384359619847,test
brown_conrady,4,4,46,44,11,11,0,fully_successful,4.102111081795021,6.7133745431899925,4.608430318936795,1.0652803591774942,test
extended_pinhole,0,0,42,44,11,11,0,fully_successful,5.545373143058455,11.128082752227783,6.10477511722849,1.4970470834587022,test
extended_pinhole,0,1,42,44,11,11,0,fully_successful,3.453357296665915,4.708729076385498,2.662646278770718,0.6732910998173933,test
extended_pinhole,0,2,42,44,11,11,0,fully_successful,4.65260062041919,8.819404983520498,5.130695294875923,1.3371135082796926,test
extended_pinhole,0,3,42,44,11,11,0,fully_successful,1.4364065821912408,3.364014029502868,1.5912151750727213,0.7947421062138111,test
extended_pinhole,0,4,42,44,11,11,0,fully_successful,1.7301218479748843,3.1525969028472884,1.5863021244953661,0.769834949258797,test
extended_pinhole,1,0,43,44,11,11,0,fully_successful,3.209547004739931,3.735496997833252,2.247841771275564,0.6517815539714074,test
extended_pinhole,1,1,43,44,11,11,0,fully_successful,3.806317119940325,7.129562735557543,3.6386830392702643,0.8781307795179838,test
extended_pinhole,1,2,43,44,11,11,0,fully_successful,1.6571246956244063,3.5176867961883542,1.9198346833385647,0.8375510346712131,test
extended_pinhole,1,3,43,44,11,11,0,fully_successful,3.801350748394319,8.914469575881958,4.5411497311256595,1.0750864063077543,test
extended_pinhole,1,4,43,44,11,11,0,fully_successful,1.3444563111245333,2.64697380065918,1.3914839713753488,0.6264439772341021,test
extended_pinhole,2,0,44,44,11,11,0,fully_successful,18.246702142019664,29.06872577667236,19.98961275487386,1.64229880709428,test
extended_pinhole,2,1,44,44,11,11,0,fully_successful,1.3673114752932494,2.9091703414916954,1.5400128215368312,0.7519456218148372,test
extended_pinhole,2,2,44,44,11,11,0,fully_successful,4.625815360990217,8.520479774475081,5.371260041977523,1.2850095964105184,test
extended_pinhole,2,3,44,44,11,11,0,fully_successful,3.2005378472464145,3.4202912092208875,2.3750289118038332,0.4960338382853089,test
extended_pinhole,2,4,44,44,11,11,0,fully_successful,1.5628563652105316,2.8987487554550153,1.4657474685286616,0.6277924288843318,test
extended_pinhole,3,0,45,44,11,11,0,fully_successful,1.3168291933518368,2.7973955273628226,1.4247803520259783,0.5779770908647012,test
extended_pinhole,3,1,45,44,11,11,0,fully_successful,3.294474047985505,6.98840901851654,3.424038676357317,0.8133494310939763,test
extended_pinhole,3,2,45,44,11,11,0,fully_successful,6.250012594656805,11.28816556930542,6.31382431038964,1.2186891236100097,test
extended_pinhole,3,3,45,44,11,11,0,fully_successful,1.608050167367261,3.05599341392517,1.6835636863244212,0.7274693910931355,test
extended_pinhole,3,4,45,44,11,11,0,fully_successful,9.482259305048622,19.70125617980957,10.234861345650081,2.070133843888258,test
extended_pinhole,4,0,46,44,11,11,0,fully_successful,3.974335854119272,8.101424217224121,4.556537205194196,0.7718822241699861,test
extended_pinhole,4,1,46,44,11,11,0,fully_successful,1.2352838369302543,2.5687025547027584,1.255159133582011,0.7820164237225318,test
extended_pinhole,4,2,46,44,11,11,0,fully_successful,3.245731496117003,3.85225213766098,2.525162366318001,0.7359961107008196,test
extended_pinhole,4,3,46,44,11,11,0,fully_successful,7.069467098957637,15.94025764465332,7.576978684020953,1.3585262696969842,test
extended_pinhole,4,4,46,44,11,11,0,fully_successful,4.940896380722934,9.81201810836792,5.498133398096351,1.1867601975340716,test
fisheye,0,0,42,44,11,11,0,fully_successful,1.1378074654244625,2.445457697153519,1.2924372905363761,0.3397208534393526,test
fisheye,0,1,42,44,11,11,0,fully_successful,3.086816264635531,2.3333060393215344,1.9267846481367985,0.31660350806913873,test
fisheye,0,2,42,44,11,11,0,fully_successful,1.4105918699100444,2.805557281114756,1.4583517103945514,0.5017588029634454,test
fisheye,0,3,42,44,11,11,0,fully_successful,1.4799348627936393,3.443359980832024,1.5068549673261087,0.5984646180017699,test
fisheye,0,4,42,44,11,11,0,fully_successful,1.80153942847627,3.3176513532261485,1.5288377093893346,0.5078023159177528,test
fisheye,1,0,43,44,11,11,0,fully_successful,3.239946303842689,3.326952130991851,2.189064550696636,0.41142645459098454,test
fisheye,1,1,43,44,11,11,0,fully_successful,1.3443332369584977,2.8696318838867576,1.260252566746168,0.5123588170444227,test
fisheye,1,2,43,44,11,11,0,fully_successful,1.7009621975011926,3.5330573229712505,1.8309314144060593,0.6242693634220277,test
fisheye,1,3,43,44,11,11,0,fully_successful,1.1054211194121115,2.1649649783573897,1.0901968044757182,0.335899207537623,test
fisheye,1,4,43,44,11,11,0,fully_successful,1.4221413130151837,3.0631947552322996,1.3641970194857413,0.3597285985042856,test
fisheye,2,0,44,44,11,11,0,fully_successful,1.4256684080098787,3.099935668043779,1.4292463105287845,0.4463267401062784,test
fisheye,2,1,44,44,11,11,0,fully_successful,1.445510275627536,2.8656882429302413,1.5274800961047474,0.5250086380675715,test
fisheye,2,2,44,44,11,11,0,fully_successful,1.1719092128525208,2.4707660766615187,1.1991381717457477,0.4994353794091235,test
fisheye,2,3,44,44,11,11,0,fully_successful,3.185941133285341,3.303891688768788,2.147771246343579,0.38526071088451114,test
fisheye,2,4,44,44,11,11,0,fully_successful,1.620859645669605,3.1391709440024895,1.3977073699575127,0.3879186671712399,test
fisheye,3,0,45,44,11,11,0,fully_successful,1.3417071263982625,2.8462081992022172,1.405467559773904,0.361662052685908,test
fisheye,3,1,45,44,11,11,0,fully_successful,1.3094634788295783,2.864611358936136,1.2516412891556654,0.39125022147409855,test
fisheye,3,2,45,44,11,11,0,fully_successful,3.2251427418505814,3.6304573699311575,2.3906195400979837,0.4860082137519845,test
fisheye,3,3,45,44,11,11,0,fully_successful,1.654346386271784,3.098193338979113,1.6366618162046573,0.537849770024905,test
fisheye,3,4,45,44,11,11,0,fully_successful,1.4285158465979648,3.0915357280526616,1.3651679619252333,0.48333311666877177,test
fisheye,4,0,46,44,11,11,0,fully_successful,1.4101957654865616,2.499555331793369,1.3118497592340792,0.35609230535743025,test
fisheye,4,1,46,44,11,11,0,fully_successful,1.2731455329337484,2.703155022598214,1.2156107338030013,0.499869285897875,test
fisheye,4,2,46,44,11,11,0,fully_successful,3.277949781556086,3.825998590856931,2.4816336760618687,0.5428867020070761,test
fisheye,4,3,46,44,11,11,0,fully_successful,1.2303013233458293,2.6335488657155883,1.268665454270682,0.457284917323288,test
fisheye,4,4,46,44,11,11,0,fully_successful,1.4963461956509907,3.19692587863636,1.4394183026459084,0.40930151640400764,test
